component,rigid_link,kind,printable,mass_g,solid_count
fl_roll_MG90S,body,servo,False,13.4,1
fr_roll_MG90S,body,servo,False,13.4,1
bl_roll_MG90S,body,servo,False,13.4,1
br_roll_MG90S,body,servo,False,13.4,1
body_base,body,print,True,20.328,1
electronics_deck,body,print,True,12.052,1
imu_bridge,body,print,True,0.875,1
battery_envelope,body,battery,False,30.0,1
PCA9685_envelope,body,board,False,12.0,1
controller_envelope,body,board,False,10.0,1
IMU_envelope,body,board,False,2.0,1
wiring_regulator_allowance,body,horn,False,10.0,1
fastener_mass_allowance,body,horn,False,10.0,1
fl_shoulder_bracket,fl_shoulder,print,True,3.356,1
fl_roll_horn,fl_shoulder,horn,False,0.4,1
fl_hip_MG90S,fl_shoulder,servo,False,13.4,1
fl_thigh_bracket,fl_thigh,print,True,3.628,1
fl_hip_horn,fl_thigh,horn,False,0.4,1
fl_knee_MG90S,fl_thigh,servo,False,13.4,1
fl_lower_leg,fl_shank,print,True,1.487,1
fl_knee_horn,fl_shank,horn,False,0.4,1
fl_foot_pad,fl_shank,foot,False,0.6,1
fr_shoulder_bracket,fr_shoulder,print,True,3.356,1
fr_roll_horn,fr_shoulder,horn,False,0.4,1
fr_hip_MG90S,fr_shoulder,servo,False,13.4,1
fr_thigh_bracket,fr_thigh,print,True,3.628,1
fr_hip_horn,fr_thigh,horn,False,0.4,1
fr_knee_MG90S,fr_thigh,servo,False,13.4,1
fr_lower_leg,fr_shank,print,True,1.487,1
fr_knee_horn,fr_shank,horn,False,0.4,1
fr_foot_pad,fr_shank,foot,False,0.6,1
bl_shoulder_bracket,bl_shoulder,print,True,3.356,1
bl_roll_horn,bl_shoulder,horn,False,0.4,1
bl_hip_MG90S,bl_shoulder,servo,False,13.4,1
bl_thigh_bracket,bl_thigh,print,True,3.628,1
bl_hip_horn,bl_thigh,horn,False,0.4,1
bl_knee_MG90S,bl_thigh,servo,False,13.4,1
bl_lower_leg,bl_shank,print,True,1.487,1
bl_knee_horn,bl_shank,horn,False,0.4,1
bl_foot_pad,bl_shank,foot,False,0.6,1
br_shoulder_bracket,br_shoulder,print,True,3.356,1
br_roll_horn,br_shoulder,horn,False,0.4,1
br_hip_MG90S,br_shoulder,servo,False,13.4,1
br_thigh_bracket,br_thigh,print,True,3.628,1
br_hip_horn,br_thigh,horn,False,0.4,1
br_knee_MG90S,br_thigh,servo,False,13.4,1
br_lower_leg,br_shank,print,True,1.487,1
br_knee_horn,br_shank,horn,False,0.4,1
br_foot_pad,br_shank,foot,False,0.6,1
