mate_name,parent,child,zero_origin_x_mm,zero_origin_y_mm,zero_origin_z_mm,axis_x,axis_y,axis_z,min_deg,max_deg,standing_deg
dof_fl_1,body,fl_shoulder,54.0,24.0,0.0,1.0,0.0,0.0,-6.000000000000001,18.0,0.0
dof_fl_2,fl_shoulder,fl_thigh,54.0,40.0,-37.0,0.0,1.0,0.0,-48.00000000000001,20.0,-19.39112135745559
dof_fl_3,fl_thigh,fl_shank,54.0,40.0,-81.0,0.0,1.0,0.0,5.0,85.0,42.0
dof_fr_1,body,fr_shoulder,54.0,-24.0,0.0,1.0,0.0,0.0,-18.0,6.000000000000001,0.0
dof_fr_2,fr_shoulder,fr_thigh,54.0,-40.0,-37.0,0.0,1.0,0.0,-48.00000000000001,20.0,-19.39112135745559
dof_fr_3,fr_thigh,fr_shank,54.0,-40.0,-81.0,0.0,1.0,0.0,5.0,85.0,42.0
dof_bl_1,body,bl_shoulder,-54.0,24.0,0.0,1.0,0.0,0.0,-6.000000000000001,18.0,0.0
dof_bl_2,bl_shoulder,bl_thigh,-54.0,40.0,-37.0,0.0,1.0,0.0,-48.00000000000001,20.0,-19.39112135745559
dof_bl_3,bl_thigh,bl_shank,-54.0,40.0,-81.0,0.0,1.0,0.0,5.0,85.0,42.0
dof_br_1,body,br_shoulder,-54.0,-24.0,0.0,1.0,0.0,0.0,-18.0,6.000000000000001,0.0
dof_br_2,br_shoulder,br_thigh,-54.0,-40.0,-37.0,0.0,1.0,0.0,-48.00000000000001,20.0,-19.39112135745559
dof_br_3,br_thigh,br_shank,-54.0,-40.0,-81.0,0.0,1.0,0.0,5.0,85.0,42.0
